科目分類,群,区分,科目名,クラス,担当教員,配当年次1年次,配当年次2年次,配当年次3年次,配当年次4年次,開校時期,単位数,摘要
日本語リテラシー科目,,,日本語リテラシー,1,高松正毅,○,,,,前期,2,
日本語リテラシー科目,,,日本語リテラシー,2,名和賢美,○,,,,前期,2,
日本語リテラシー科目,,,日本語リテラシー,3,谷川卓,○,,,,前期,2,
日本語リテラシー科目,,,日本語リテラシー,4,上村淳志,○,,,,前期,2,
日本語リテラシー科目,,,日本語リテラシー,5,上村淳志,○,,,,前期,2,
日本語リテラシー科目,,,日本語リテラシー,6,山下真吾,○,,,,前期,2,
日本語リテラシー科目,,,日本語リテラシー,7,山下真吾,○,,,,前期,2,
日本語リテラシー科目,,,日本語リテラシー,8,飯塚真弓,○,,,,前期,2,
日本語リテラシー科目,,,日本語リテラシー,9,飯塚真弓,○,,,,前期,2,
日本語リテラシー科目,,,日本語リテラシー,10,森脇孝広,○,,,,前期,2,
日本語リテラシー科目,,,日本語リテラシー,11,森脇孝広,○,,,,前期,2,
日本語リテラシー科目,,,日本語リテラシー,12,森脇孝広,○,,,,前期,2,
日本語リテラシー科目,,,日本語リテラシー,13,小草泰,○,,,,前期,2,
日本語リテラシー科目,,,日本語リテラシー,14,小草泰,○,,,,前期,2,
日本語リテラシー科目,,,日本語リテラシー,15,関根里奈子,○,,,,前期,2,
日本語リテラシー科目,,,日本語リテラシー,16,横山陸,○,,,,前期,2,
日本語リテラシー科目,,,日本語リテラシー,17,横山陸,○,,,,前期,2,
日本語リテラシー科目,,,日本語リテラシー,18,高取正大,○,,,,前期,2,
日本語リテラシー科目,,,日本語リテラシー,19,高取正大,○,,,,前期,2,
日本語リテラシー科目,,,日本語リテラシー,20,川橋郁子,○,,,,前期,2,
日本語リテラシー科目,,,日本語リテラシー,21,川橋郁子,○,,,,前期,2,
日本語リテラシー科目,,,日本語リテラシー,22,石川真奈実,○,,,,前期,2,
日本語リテラシー科目,,,日本語リテラシー,23,石川真奈実,○,,,,前期,2,
日本語リテラシー科目,,,日本語リテラシー,24,石川真奈実,○,,,,前期,2,
日本語リテラシー科目,,,日本語リテラシー,25,天本貴之,○,,,,前期,2,
日本語リテラシー科目,,,日本語リテラシー,26,天本貴之,○,,,,前期,2,
日本語リテラシー科目,,,日本語リテラシー,27,天本貴之,○,,,,前期,2,
日本語リテラシー科目,,,日本語リテラシー,28,松村美穂,○,,,,前期,2,
日本語リテラシー科目,,,日本語リテラシー,29,松村美穂,○,,,,前期,2,
日本語リテラシー科目,,,日本語リテラシー,30,松村美穂,○,,,,前期,2,
日本語リテラシー科目,,,日本語リテラシー,31,國分翼,○,,,,前期,2,
日本語リテラシー科目,,,日本語リテラシー,32,國分翼,○,,,,前期,2,
日本語リテラシー科目,,,日本語リテラシー,33,國分翼,○,,,,前期,2,
日本語リテラシー科目,,,日本語リテラシー,34,高萩智也,○,,,,前期,2,
日本語リテラシー科目,,,日本語リテラシー,35,高萩智也,○,,,,前期,2,
日本語リテラシー科目,,,日本語リテラシー,36,高萩智也,○,,,,前期,2,
日本語リテラシー科目,,,日本語リテラシー,37,渡辺浩太,○,,,,前期,2,
日本語リテラシー科目,,,日本語リテラシー,38,渡辺浩太,○,,,,前期,2,
日本語リテラシー科目,,,日本語リテラシー,39,小高絢子,○,,,,前期,2,
日本語リテラシー科目,,,日本語リテラシー,40,小高絢子,○,,,,前期,2,
日本語リテラシー科目,,,日本語リテラシー,41,蔡珂,○,,,,前期,2,
日本語リテラシー科目,,,日本語リテラシー,42,天野恵美理,○,,,,前期,2,
日本語リテラシー科目,,,日本語リテラシー,43,天野恵美理,○,,,,前期,2,
日本語リテラシー科目,,,日本語リテラシー,44,原田玄機,○,,,,前期,2,
日本語リテラシー科目,,,日本語リテラシー,45,原田玄機,○,,,,前期,2,
日本語リテラシー科目,,,日本語リテラシー,46,新井庭子,○,,,,前期,2,
日本語リテラシー科目,,,日本語リテラシーII,1,高松正毅,○,,,,後期,2,
日本語リテラシー科目,,,日本語リテラシーII,2,名和賢美,○,,,,後期,2,
日本語リテラシー科目,,,日本語リテラシーII,3,谷川卓,○,,,,後期,2,
日本語リテラシー科目,,,日本語リテラシーII,4,上村淳志,○,,,,後期,2,
日本語リテラシー科目,,,日本語リテラシーII,5,山下真吾,○,,,,後期,2,
日本語リテラシー科目,,,日本語リテラシーII,6,守博紀,○,,,,後期,2,
日本語リテラシー科目,,,日本語リテラシーII,7,飯塚真弓,○,,,,後期,2,
日本語リテラシー科目,,,日本語リテラシーII,8,森脇孝広,○,,,,後期,2,
日本語リテラシー科目,,,日本語リテラシーII,9,小草泰,○,,,,後期,2,
日本語リテラシー科目,,,日本語リテラシーII,10,横山陸,○,,,,後期,2,
日本語リテラシー科目,,,日本語リテラシーII,11,高取正大,○,,,,後期,2,
日本語リテラシー科目,,,日本語リテラシーII,12,川橋郁子,○,,,,後期,2,
日本語リテラシー科目,,,日本語リテラシーII,13,石川真奈実,○,,,,後期,2,
日本語リテラシー科目,,,日本語リテラシーII,14,天本貴之,○,,,,後期,2,
日本語リテラシー科目,,,日本語リテラシーII,15,松村美穂,○,,,,後期,2,
日本語リテラシー科目,,,日本語リテラシーII,16,國分翼,○,,,,後期,2,
日本語リテラシー科目,,,日本語リテラシーII,17,高萩智也,○,,,,後期,2,
日本語リテラシー科目,,,日本語リテラシーII,18,渡辺浩太,○,,,,後期,2,
日本語リテラシー科目,,,日本語リテラシーII,19,小高絢子,○,,,,後期,2,
日本語リテラシー科目,,,日本語リテラシーII,20,天野恵美理,○,,,,後期,2,
日本語リテラシー科目,,,日本語リテラシーII,21,天野恵美理,○,,,,後期,2,
日本語リテラシー科目,,,日本語リテラシーII,22,原田玄機,○,,,,後期,2,
日本語リテラシー科目,,,日本語リテラシーII,23,原田玄機,○,,,,後期,2,
日本語リテラシー科目,,,日本語リテラシーII,24,新井庭子,○,,,,後期,2,
日本語リテラシー科目,,,日本語リテラシーII,25,新井庭子,○,,,,後期,2,
日本語リテラシー科目,,,日本語リテラシーII,26,新井庭子,○,,,,後期,2,
日本語リテラシー科目,,,日本語リテラシー1 (再履),1,原田玄機,○,○,○,○,後期,2,再履修者用のクラス
日本語リテラシー科目,,,日本語リテラシー1 (再履),2,天野恵美理,○,○,○,○,後期,2,再履修者用のクラス
日本語リテラシー科目,,,日本語リテラシーII (再履),1,新井庭子,○,○,○,○,前期,2,再履修者用のクラス
日本語リテラシー科目,,,日本語リテラシーII (再履),2,蔡珂,○,○,○,○,前期,2,再履修者用のクラス
外国語科目,,英語,General English I,1,コントレラス ジェフリー,○,,,,前期,2,
外国語科目,,英語,General English I,2,コントレラス ジェフリー,○,,,,前期,2,
外国語科目,,英語,General English I,3,ウェブスター アタム,○,,,,前期,2,
外国語科目,,英語,General English I,4,ミキ フランシン クロエ,○,,,,前期,2,
外国語科目,,英語,General English I,5,ミキ フランシン クロエ,○,,,,前期,2,
外国語科目,,英語,General English I,6,ミキ フランシン クロエ,○,,,,前期,2,
外国語科目,,英語,General English I,7,ウェブスター アタム,○,,,,前期,2,
外国語科目,,英語,General English I,8,アンドリュース 美穂,○,,,,前期,2,
外国語科目,,英語,General English I,9,アンドリュース 美穂,○,,,,前期,2,
外国語科目,,英語,General English I,10,姉崎 達夫,○,,,,前期,2,
外国語科目,,英語,General English I,11,ジャスティン マーサー,○,,,,前期,2,
外国語科目,,英語,General English I,12,ロテリック ロス,○,,,,前期,2,
外国語科目,,英語,General English I,13,ブランパク スティーブン,○,,,,前期,2,
外国語科目,,英語,General English I,14,ジャスティン マーサー,○,,,,前期,2,
外国語科目,,英語,General English I,15,ロテリック ロス,○,,,,前期,2,
外国語科目,,英語,General English I,16,ブランパク スティーブン,○,,,,前期,2,
外国語科目,,英語,General English I,17,ジャスティン マーサー,○,,,,前期,2,
外国語科目,,英語,General English I,18,ジャスティン マーサー,○,,,,前期,2,
外国語科目,,英語,General English I,19,ロテリック ロス,○,,,,前期,2,
外国語科目,,英語,General English I,20,ブランパク スティーブン,○,,,,前期,2,
外国語科目,,英語,General English I,21,遠藤 真知子,○,,,,前期,2,
外国語科目,,英語,General English I,22,遠藤 真知子,○,,,,前期,2,
外国語科目,,英語,General English I,23,夏苅 佐宜,○,,,,前期,2,
外国語科目,,英語,General English I,24,島原 秀人,○,,,,前期,2,
外国語科目,,英語,General English I,25,高野 弘子,○,,,,前期,2,
外国語科目,,英語,General English I,26,高野 弘子,○,,,,前期,2,
外国語科目,,英語,General English II,1,コントレラス ジェフリー,○,,,,後期,2,
外国語科目,,英語,General English II,2,コントレラス ジェフリー,○,,,,後期,2,
外国語科目,,英語,General English II,3,ウェブスター アタム,○,,,,後期,2,
外国語科目,,英語,General English II,4,ミキ フランシン クロエ,○,,,,後期,2,
外国語科目,,英語,General English II,5,ミキ フランシン クロエ,○,,,,後期,2,
外国語科目,,英語,General English II,6,ミキ フランシン クロエ,○,,,,後期,2,
外国語科目,,英語,General English II,7,ウェブスター アタム,○,,,,後期,2,
外国語科目,,英語,General English II,8,アンドリュース 美穂,○,,,,後期,2,
外国語科目,,英語,General English II,9,アンドリュース 美穂,○,,,,後期,2,
外国語科目,,英語,General English II,10,姉崎 達夫,○,,,,後期,2,
外国語科目,,英語,General English II,11,ジャスティン マーサー,○,,,,後期,2,
外国語科目,,英語,General English II,12,ロテリック ロス,○,,,,後期,2,
外国語科目,,英語,General English II,13,ブランパク スティーブン,○,,,,後期,2,
外国語科目,,英語,General English II,14,ジャスティン マーサー,○,,,,後期,2,
外国語科目,,英語,General English II,15,ロテリック ロス,○,,,,後期,2,
外国語科目,,英語,General English II,16,ブランパク スティーブン,○,,,,後期,2,
外国語科目,,英語,General English II,17,ジャスティン マーサー,○,,,,後期,2,
外国語科目,,英語,General English II,18,ジャスティン マーサー,○,,,,後期,2,
外国語科目,,英語,General English II,19,ロテリック ロス,○,,,,後期,2,
外国語科目,,英語,General English II,20,ブランパク スティーブン,○,,,,後期,2,
外国語科目,,英語,General English II,21,遠藤 真知子,○,,,,後期,2,
外国語科目,,英語,General English II,22,遠藤 真知子,○,,,,後期,2,
外国語科目,,英語,General English II,23,夏苅 佐宜,○,,,,後期,2,
外国語科目,,英語,General English II,24,島原 秀人,○,,,,後期,2,
外国語科目,,英語,General English II,25,高野 弘子,○,,,,後期,2,
外国語科目,,英語,General English II,26,高野 弘子,○,,,,後期,2,
外国語科目,,英語,Business English I,1,マククワイヤ ライアン,○,,,,前期,2,
外国語科目,,英語,Business English I,2,夏苅 佐宜,○,,,,前期,2,
外国語科目,,英語,Business English I,3,白石 玲子,○,,,,前期,2,
外国語科目,,英語,Business English I,4,井之川 睦美,○,,,,前期,2,
外国語科目,,英語,Business English I,5,井之川 睦美,○,,,,前期,2,
外国語科目,,英語,Business English I,6,井之川 睦美,○,,,,前期,2,
外国語科目,,英語,Business English I,7,白石 玲子,○,,,,前期,2,
外国語科目,,英語,Business English I,8,神谷 信廣,○,,,,前期,2,
外国語科目,,英語,Business English I,9,神谷 信廣,○,,,,前期,2,
外国語科目,,英語,Business English I,10,長和 重,○,,,,前期,2,
外国語科目,,英語,Business English I,11,渡部 孝子,○,,,,前期,2,
外国語科目,,英語,Business English I,12,渡部 孝子,○,,,,前期,2,
外国語科目,,英語,Business English I,13,正田 久美子,○,,,,前期,2,
外国語科目,,英語,Business English I,14,正田 久美子,○,,,,前期,2,
外国語科目,,英語,Business English I,15,渡部 孝子,○,,,,前期,2,
外国語科目,,英語,Business English I,16,清水 真紀,○,,,,前期,2,
外国語科目,,英語,Business English I,17,清水 真紀,○,,,,前期,2,
外国語科目,,英語,Business English I,18,藤田 晃代,○,,,,前期,2,
外国語科目,,英語,Business English I,19,藤田 晃代,○,,,,前期,2,
外国語科目,,英語,Business English I,20,石山 裕己,○,,,,前期,2,
外国語科目,,英語,Business English I,21,松本 秀樹,○,,,,前期,2,
外国語科目,,英語,Business English I,22,阿久津 由佳,○,,,,前期,2,
外国語科目,,英語,Business English I,23,石山 裕己,○,,,,前期,2,
外国語科目,,英語,Business English I,24,石山 裕己,○,,,,前期,2,
外国語科目,,英語,Business English I,25,石山 裕己,○,,,,前期,2,
外国語科目,,英語,Business English I,26,吉本 啓,○,,,,前期,2,
外国語科目,,英語,Business English II,1,マククワイヤ ライアン,○,,,,後期,2,
外国語科目,,英語,Business English II,2,夏苅 佐宜,○,,,,後期,2,
外国語科目,,英語,Business English II,3,白石 玲子,○,,,,後期,2,
外国語科目,,英語,Business English II,4,井之川 睦美,○,,,,後期,2,
外国語科目,,英語,Business English II,5,井之川 睦美,○,,,,後期,2,
外国語科目,,英語,Business English II,6,井之川 睦美,○,,,,後期,2,
外国語科目,,英語,Business English II,7,白石 玲子,○,,,,後期,2,
外国語科目,,英語,Business English II,8,神谷 信廣,○,,,,後期,2,
外国語科目,,英語,Business English II,9,神谷 信廣,○,,,,後期,2,
外国語科目,,英語,Business English II,10,長和 重,○,,,,後期,2,
外国語科目,,英語,Business English II,11,渡部 孝子,○,,,,後期,2,
外国語科目,,英語,Business English II,12,渡部 孝子,○,,,,後期,2,
外国語科目,,英語,Business English II,13,正田 久美子,○,,,,後期,2,
外国語科目,,英語,Business English II,14,正田 久美子,○,,,,後期,2,
外国語科目,,英語,Business English II,15,渡部 孝子,○,,,,後期,2,
外国語科目,,英語,Business English II,16,清水 真紀,○,,,,後期,2,
外国語科目,,英語,Business English II,17,清水 真紀,○,,,,後期,2,
外国語科目,,英語,Business English II,18,藤田 晃代,○,,,,後期,2,
外国語科目,,英語,Business English II,19,藤田 晃代,○,,,,後期,2,
外国語科目,,英語,Business English II,20,石山 裕己,○,,,,後期,2,
外国語科目,,英語,Business English II,21,松本 秀樹,○,,,,後期,2,
外国語科目,,英語,Business English II,22,阿久津 由佳,○,,,,後期,2,
外国語科目,,英語,Business English II,23,石山 裕己,○,,,,後期,2,
外国語科目,,英語,Business English II,24,石山 裕己,○,,,,後期,2,
外国語科目,,英語,Business English II,25,石山 裕己,○,,,,後期,2,
外国語科目,,英語,Business English II,26,吉本 啓,○,,,,後期,2,
外国語科目,,日本語,大学生活のための日本語,1,木暮 律子,○,,,,前期,2,留学生のみ必修科目 クラスを指定
外国語科目,,日本語,大学生活のための日本語,2,木暮 律子,○,,,,前期,2,留学生のみ必修科目 クラスを指定
外国語科目,,日本語,日本事情I,1,瀬間 亮子,○,,,,前期,2,留学生のみ必修科目 クラスを指定
外国語科目,,日本語,日本事情I,2,瀬間 亮子,○,,,,前期,2,留学生のみ必修科目 クラスを指定
外国語科目,,日本語,文章表現I,1,前坊 香菜子,○,,,,前期,2,留学生のみ必修科目 クラスを指定
外国語科目,,日本語,文章表現I,2,前坊 香菜子,○,,,,前期,2,留学生のみ必修科目 クラスを指定
外国語科目,,日本語,専門聴解,1,木暮 律子,○,,,,前期,2,留学生のみ必修科目 クラスを指定
外国語科目,,日本語,専門聴解,2,木暮 律子,○,,,,前期,2,留学生のみ必修科目 クラスを指定
外国語科目,,日本語,日本事情II,1,瀬間 亮子,○,,,,後期,2,留学生のみ必修科目 クラスを指定
外国語科目,,日本語,日本事情II,2,瀬間 亮子,○,,,,後期,2,留学生のみ必修科目 クラスを指定
外国語科目,,日本語,文章表現II,1,前坊 香菜子,○,,,,後期,2,留学生のみ必修科目 クラスを指定
外国語科目,,日本語,文章表現II,2,前坊 香菜子,○,,,,後期,2,留学生のみ必修科目 クラスを指定
外国語科目,,英語,General English III,1,ニュラス ハブトン,,○,,,前期,2,
外国語科目,,英語,General English III,2,ティモシー ソーハー,,○,,,前期,2,
外国語科目,,英語,General English III,3,ハビビ アイメン,,○,,,前期,2,
外国語科目,,英語,General English III,4,アイメン,,○,,,前期,2,
外国語科目,,英語,General English III,5,ハビビ アイメン,,○,,,前期,2,
外国語科目,,英語,General English III,6,エリック トラウトマン,,○,,,前期,2,
外国語科目,,英語,General English III,7,マクワイヤ ライアン,,○,,,前期,2,
外国語科目,,英語,General English III,8,マイヤー ハリー,,○,,,前期,2,
外国語科目,,英語,General English III,9,リチャート マーハ,,○,,,前期,2,
外国語科目,,英語,General English III,10,リチャート マーハ,,○,,,前期,2,
外国語科目,,英語,General English III,11,リップル クリフォード,,○,,,前期,2,
外国語科目,,英語,General English III,12,リップル クリフォード,,○,,,前期,2,
外国語科目,,英語,General English III,13,リップル クリフォード,,○,,,前期,2,
外国語科目,,英語,General English III,14,ブラウン ウィリアム,,○,,,前期,2,
外国語科目,,英語,General English III,15,ニコラス ハフトン,,○,,,前期,2,
外国語科目,,英語,General English III,16,マスタ シンシア,,○,,,前期,2,
外国語科目,,英語,General English III,17,マスタ シンシア,,○,,,前期,2,
外国語科目,,英語,General English III,18,マスタ シンシア,,○,,,前期,2,
外国語科目,,英語,General English III,19,ロトニー ビートル,,○,,,前期,2,
外国語科目,,英語,General English III,20,ロトニー ヒドル,,○,,,前期,2,
外国語科目,,英語,General English III,21,ブラウン ウィリアム,,○,,,前期,2,
外国語科目,,英語,General English III,22,ブラウン ウィリアム,,○,,,前期,2,
外国語科目,,英語,General English III,23,ブラウン ウィリアム,,○,,,前期,2,
外国語科目,,英語,General English III,24,原 江浩,,○,,,前期,2,
外国語科目,,英語,General English III,25,原 江浩,,○,,,前期,2,
外国語科目,,英語,General English III,26,原 江浩,,○,,,前期,2,
外国語科目,,英語,General English IV,1,ニュラス ハブトン,,○,,,後期,2,
外国語科目,,英語,General English IV,2,ティモシー ソーハー,,○,,,後期,2,
外国語科目,,英語,General English IV,3,ハビビ アイメン,,○,,,後期,2,
外国語科目,,英語,General English IV,4,アイメン,,○,,,後期,2,
外国語科目,,英語,General English IV,5,ハビビ アイメン,,○,,,後期,2,
外国語科目,,英語,General English IV,6,エリック トラウトマン,,○,,,後期,2,
外国語科目,,英語,General English IV,7,マクワイヤ ライアン,,○,,,後期,2,
外国語科目,,英語,General English IV,8,マイヤー ハリー,,○,,,後期,2,
外国語科目,,英語,General English IV,9,リチャート マーハ,,○,,,後期,2,
外国語科目,,英語,General English IV,10,リチャート マーハ,,○,,,後期,2,
外国語科目,,英語,General English IV,11,リップル クリフォード,,○,,,後期,2,
外国語科目,,英語,General English IV,12,リップル クリフォード,,○,,,後期,2,
外国語科目,,英語,General English IV,13,リップル クリフォード,,○,,,後期,2,
外国語科目,,英語,General English IV,14,ブラウン ウィリアム,,○,,,後期,2,
外国語科目,,英語,General English IV,15,ニコラス ハフトン,,○,,,後期,2,
外国語科目,,英語,General English IV,16,マスタ シンシア,,○,,,後期,2,
外国語科目,,英語,General English IV,17,マスタ シンシア,,○,,,後期,2,
外国語科目,,英語,General English IV,18,マスタ シンシア,,○,,,後期,2,
外国語科目,,英語,General English IV,19,ロトニー ビートル,,○,,,後期,2,
外国語科目,,英語,General English IV,20,ロトニー ヒドル,,○,,,後期,2,
外国語科目,,英語,General English IV,21,ブラウン ウィリアム,,○,,,後期,2,
外国語科目,,英語,General English IV,22,ブラウン ウィリアム,,○,,,後期,2,
外国語科目,,英語,General English IV,23,ブラウン ウィリアム,,○,,,後期,2,
外国語科目,,英語,General English IV,24,原 江浩,,○,,,後期,2,
外国語科目,,英語,General English IV,25,原 江浩,,○,,,後期,2,
外国語科目,,英語,General English IV,26,原 江浩,,○,,,後期,2,
外国語科目,,英語,Business English III,1,リップル クリフォード,,○,,,前期,2,
外国語科目,,英語,Business English III,2,阿久津 由佳,,○,,,前期,2,
外国語科目,,英語,Business English III,3,スーター ケント,,○,,,前期,2,
外国語科目,,英語,Business English III,4,アンホルツ ブレンテン,,○,,,前期,2,
外国語科目,,英語,Business English III,5,中鉢 恵,,○,,,前期,2,
外国語科目,,英語,Business English III,6,ハフトン ニコラス,,○,,,前期,2,
外国語科目,,英語,Business English III,7,中鉢 恵,,○,,,前期,2,
外国語科目,,英語,Business English III,8,長和 重,,○,,,前期,2,
外国語科目,,英語,Business English III,9,アンホルツ ブレンテン,,○,,,前期,2,
外国語科目,,英語,Business English III,10,長和 重,,○,,,前期,2,
外国語科目,,英語,Business English III,11,阿久津 由佳,,○,,,前期,2,
外国語科目,,英語,Business English III,12,原 江浩,,○,,,前期,2,
外国語科目,,英語,Business English III,13,原 江浩,,○,,,前期,2,
外国語科目,,英語,Business English III,14,宮崎 敬子,,○,,,前期,2,
外国語科目,,英語,Business English III,15,宮崎 敬子,,○,,,前期,2,
外国語科目,,英語,Business English III,16,夏苅 佐宜,,○,,,前期,2,
外国語科目,,英語,Business English III,17,宮崎 敬子,,○,,,前期,2,
外国語科目,,英語,Business English III,18,遠藤 真知子,,○,,,前期,2,
外国語科目,,英語,Business English III,19,遠藤 真知子,,○,,,前期,2,
外国語科目,,英語,Business English III,20,遠藤 真知子,,○,,,前期,2,
外国語科目,,英語,Business English III,21,山田 敏幸,,○,,,前期,2,
外国語科目,,英語,Business English III,22,木村 美由紀,,○,,,前期,2,
外国語科目,,英語,Business English III,23,木村 美由紀,,○,,,前期,2,
外国語科目,,英語,Business English III,24,山田 敏幸,,○,,,前期,2,
外国語科目,,英語,Business English III,25,山田 敏幸,,○,,,前期,2,
外国語科目,,英語,Business English III,26,小島 喜男,,○,,,前期,2,
外国語科目,,英語,Business English IV,1,リップル クリフォード,,○,,,後期,2,
外国語科目,,英語,Business English IV,2,阿久津 由佳,,○,,,後期,2,
外国語科目,,英語,Business English IV,3,スーター ケント,,○,,,後期,2,
外国語科目,,英語,Business English IV,4,アンホルツ ブレンテン,,○,,,後期,2,
外国語科目,,英語,Business English IV,5,中鉢 恵,,○,,,後期,2,
外国語科目,,英語,Business English IV,6,ハフトン ニコラス,,○,,,後期,2,
外国語科目,,英語,Business English IV,7,中鉢 恵,,○,,,後期,2,
外国語科目,,英語,Business English IV,8,長和 重,,○,,,後期,2,
外国語科目,,英語,Business English IV,9,アンホルツ ブレンテン,,○,,,後期,2,
外国語科目,,英語,Business English IV,10,長和 重,,○,,,後期,2,
外国語科目,,英語,Business English IV,11,阿久津 由佳,,○,,,後期,2,
外国語科目,,英語,Business English IV,12,原 江浩,,○,,,後期,2,
外国語科目,,英語,Business English IV,13,原 江浩,,○,,,後期,2,
外国語科目,,英語,Business English IV,14,宮崎 敬子,,○,,,後期,2,
外国語科目,,英語,Business English IV,15,宮崎 敬子,,○,,,後期,2,
外国語科目,,英語,Business English IV,16,夏苅 佐宜,,○,,,後期,2,
外国語科目,,英語,Business English IV,17,宮崎 敬子,,○,,,後期,2,
外国語科目,,英語,Business English IV,18,遠藤 真知子,,○,,,後期,2,
外国語科目,,英語,Business English IV,19,遠藤 真知子,,○,,,後期,2,
外国語科目,,英語,Business English IV,20,遠藤 真知子,,○,,,後期,2,
外国語科目,,英語,Business English IV,21,山田 敏幸,,○,,,後期,2,
外国語科目,,英語,Business English IV,22,木村 美由紀,,○,,,後期,2,
外国語科目,,英語,Business English IV,23,木村 美由紀,,○,,,後期,2,
外国語科目,,英語,Business English IV,24,山田 敏幸,,○,,,後期,2,
外国語科目,,英語,Business English IV,25,山田 敏幸,,○,,,後期,2,
外国語科目,,英語,Business English IV,26,小島 喜男,,○,,,後期,2,
外国語科目,,日本語,専門読解,1,瀬間 亮子,,○,,,前期,2,留学生のみ必修科目 クラスを指定
外国語科目,,日本語,専門読解,2,瀬間 亮子,,○,,,前期,2,留学生のみ必修科目 クラスを指定
外国語科目,,日本語,口頭表現,1,前坊 香菜子,,○,,,前期,2,留学生のみ必修科目 クラスを指定
外国語科目,,日本語,口頭表現,2,前坊 香菜子,,○,,,前期,2,留学生のみ必修科目 クラスを指定
外国語科目,,英語,Oral Communication I,1,コズグローブ マリー,○,○,○,○,前期,2,
外国語科目,,英語,Oral Communication I,2,コズグローブ マリー,○,○,○,○,前期,2,
外国語科目,,英語,Oral Communication I,3,コズグローブ マリー,○,○,○,○,前期,2,
外国語科目,,英語,Oral Communication II,1,コズグローブ マリー,○,○,○,○,後期,2,
外国語科目,,英語,Oral Communication II,2,コズグローブ マリー,○,○,○,○,後期,2,
外国語科目,,英語,Oral Communication II,3,コズグローブ マリー,○,○,○,○,後期,2,
外国語科目,,英語,Advanced Oral Communication I,,ワカヤマ カレン,○,○,○,○,前期,2,
外国語科目,,英語,Advanced Oral Communication II,,ワカヤマ カレン,○,○,○,○,後期,2,
外国語科目,,英語,English Language and Culture I,,阿久津由佳,○,○,○,○,前期,2,
外国語科目,,英語,English Language and Culture II,,阿久津由佳,○,○,○,○,後期,2,
外国語科目,,英語,Grammar I,,遠藤真知子,○,○,○,○,前期,2,
外国語科目,,英語,Grammar II,,遠藤真知子,○,○,○,○,後期,2,
外国語科目,,英語,Writing I,,夏苅佐宜,○,○,○,○,前期,2,
外国語科目,,英語,Writing II,,夏苅佐宜,○,○,○,○,後期,2,
外国語科目,,英語,Reading I,,ワカヤマ カレン,○,○,○,○,前期,2,
外国語科目,,英語,Reading II,,ワカヤマ カレン,○,○,○,○,後期,2,
外国語科目,,英語,Listening I,,野口弥恵子,○,○,○,○,前期,2,
外国語科目,,英語,Listening II,,野口弥恵子,○,○,○,○,後期,2,
言語系科目,,英語発展,Discussion I,,マスタ シンシア,○,○,○,○,前期,2,
言語系科目,,英語発展,Discussion II,,マスタ シンシア,○,○,○,○,後期,2,
言語系科目,,英語発展,Advanced Discussion I,,ワカヤマ カレン,○,○,○,○,前期,2,
言語系科目,,英語発展,Advanced Discussion II,,ワカヤマ カレン,○,○,○,○,後期,2,
言語系科目,,英語発展,English for Academic Purposes I,,マククワイヤ ライアン,○,○,○,○,前期,2,
言語系科目,,英語発展,English for Academic Purposes II,,マククワイヤ ライアン,○,○,○,○,後期,2,
言語系科目,,英語発展,TOEIC Basic,1,ブリンクマン ブルース,○,○,○,○,前期,2,教職
言語系科目,,英語発展,TOEIC Basic,2,中村 さよ,○,○,○,○,前期,2,教職
言語系科目,,英語発展,TOEIC Basic,3,中村 さよ,○,○,○,○,前期,2,教職
言語系科目,,英語発展,TOEIC Basic,4,中村 さよ,○,○,○,○,前期,2,教職
言語系科目,,英語発展,TOEIC Basic,5,ブリンクマン ブルース,○,○,○,○,後期,2,教職
言語系科目,,英語発展,TOEIC Basic,6,中村 さよ,○,○,○,○,後期,2,教職
言語系科目,,英語発展,TOEIC Basic,7,中村 さよ,○,○,○,○,後期,2,教職
言語系科目,,英語発展,TOEIC Basic,8,中村 さよ,○,○,○,○,後期,2,教職
言語系科目,,英語発展,TOEIC Intermediate,1,名雪 典子,○,○,○,○,前期,2,
言語系科目,,英語発展,TOEIC Intermediate,2,名雪 典子,○,○,○,○,後期,2,
言語系科目,,英語発展,TOEFL I,1,アイメン ハビビ,○,○,○,○,前期,2,
言語系科目,,英語発展,TOEFL I,2,アイメン ハビビ,○,○,○,○,前期,2,
言語系科目,,英語発展,TOEFL II,1,アイメン ハビビ,○,○,○,○,後期,2,
言語系科目,,英語発展,TOEFL II,2,アイメン ハビビ,○,○,○,○,後期,2,
言語系科目,,日本語上級,日本語リテラシー上級I,1,高松 正毅,,○,○,○,前期,2,
言語系科目,,日本語上級,日本語リテラシー上級I,2,宮崎 文彦,,○,○,○,前期,2,
言語系科目,,日本語上級,日本語リテラシー上級II,1,宮崎文彥,,○,○,○,後期,2,
言語系科目,,日本語上級,日本語リテラシー上級II,2,富澤一弘,,○,○,○,後期,2,
言語系科目,,日本語上級,ビジネス日本語,1,木暮律子,,○,○,○,前期,2,120学年次以降の留学生のみが履修できる
言語系科目,,日本語上級,ビジネス日本語,2,木暮律子,,○,○,○,後期,2,120学年次以降の留学生のみが履修できる
言語系科目,,日本語上級,ビジネス日本語II,,瀬間亮子,,,○,○,前期,2,120学年次以降の留学生のみが履修できる
言語系科目,,日本語上級,ビジネス日本語III,,前坊香菜子,,,○,○,後期,2,120学年次以降の留学生のみが履修できる
言語系科目,,日本語上級,日本古典研究,,高松 正毅,○,○,○,○,前期,2,
言語系科目,,日本語上級,中国古典研究,,金 スマロ,○,○,○,○,後期,2,
言語系科目,,諸言語,西洋古典語の世界,,名和 賢美,○,○,○,○,前期,2,
言語系科目,,諸言語,アラビア語の世界,,山下 真吾,○,○,○,○,後期,2,
言語系科目,,中国語,中国語Ⅰ,1,笠見弥生,○,○,○,○,前期,2,
言語系科目,,中国語,中国語Ⅰ,2,木村智子,○,○,○,○,前期,2,
言語系科目,,中国語,中国語Ⅰ,3,金スマロ,○,○,○,○,前期,2,
言語系科目,,中国語,中国語Ⅰ,4,金スマロ,○,○,○,○,前期,2,
言語系科目,,中国語,中国語Ⅰ,5,任鉄華,○,○,○,○,前期,2,
言語系科目,,中国語,中国語Ⅰ,6,任鉄華,○,○,○,○,前期,2,
言語系科目,,中国語,中国語Ⅰ,7,廖海涛,○,○,○,○,前期,2,
言語系科目,,中国語,中国語Ⅰ,8,廖海涛,○,○,○,○,前期,2,
言語系科目,,中国語,中国語Ⅰ,9,梁紅梅,○,○,○,○,前期,2,
言語系科目,,中国語,中国語Ⅰ,10,木村智子,○,○,○,○,前期,2,
言語系科目,,中国語,中国語Ⅰ,11,任鉄華,○,○,○,○,前期,2,
言語系科目,,中国語,中国語Ⅱ,1,笠見弥生,○,○,○,○,後期,2,
言語系科目,,中国語,中国語Ⅱ,2,金スマロ,○,○,○,○,後期,2,
言語系科目,,中国語,中国語Ⅱ,3,金スマロ,○,○,○,○,後期,2,
言語系科目,,中国語,中国語Ⅱ,4,任鉄華,○,○,○,○,後期,2,
言語系科目,,中国語,中国語Ⅱ,5,木村智子,○,○,○,○,後期,2,
言語系科目,,中国語,中国語Ⅱ,6,木村智子,○,○,○,○,後期,2,
言語系科目,,中国語,中国語Ⅱ,7,廖海涛,○,○,○,○,後期,2,
言語系科目,,中国語,中国語Ⅱ,8,梁紅梅,○,○,○,○,後期,2,
言語系科目,,中国語,中国語Ⅱ,9,木村智子,○,○,○,○,後期,2,
言語系科目,,中国語,中国語III,1,笠見弥生,,○,○,○,前期,2,
言語系科目,,中国語,中国語III,2,廖海涛,,○,○,○,前期,2,
言語系科目,,中国語,中国語III,3,任鉄華,,○,○,○,前期,2,
言語系科目,,中国語,中国語III,4,木村智子,,○,○,○,前期,2,
言語系科目,,中国語,中国語IV,,廖海涛,,○,○,○,後期,2,
言語系科目,,中国語,中国語V,,任鉄華,,○,○,○,前期,2,
言語系科目,,中国語,中国語文献講読I,,笠見弥生,,○,○,○,前期,2,
言語系科目,,中国語,中国語文献講読II,,笠見弥生,,○,○,○,後期,2,
言語系科目,,ハングル,ハングルⅠ,1,姜多映,○,○,○,○,前期,2,
言語系科目,,ハングル,ハングルⅠ,2,梁紅梅,○,○,○,○,前期,2,
言語系科目,,ハングル,ハングルⅠ,3,梁紅梅,○,○,○,○,前期,2,
言語系科目,,ハングル,ハングルⅠ,4,荻野千尋,○,○,○,○,前期,2,
言語系科目,,ハングル,ハングルⅡ,1,姜多映,○,○,○,○,後期,2,
言語系科目,,ハングル,ハングルⅡ,2,荻野千尋,○,○,○,○,後期,2,
言語系科目,,ハングル,ハングルⅡ,5,姜多映,○,○,○,○,後期,2,
言語系科目,,ハングル,ハングルⅡ,6,梁紅梅,○,○,○,○,後期,2,
言語系科目,,ハングル,ハングルIII,,荻野千尋,,○,○,○,前期,2,
言語系科目,,ハングル,ハングルIV,,荻野千尋,,○,○,○,後期,2,
言語系科目,,ハングル,ハングルV,,姜多映,,○,○,○,前期,2,
言語系科目,,ハングル,ハングル文献講読I,,姜多映,,○,○,○,前期,2,
言語系科目,,ハングル,ハングル文献講読II,,姜多映,,○,○,○,後期,2,
言語系科目,,ドイツ語,ドイツ語Ⅰ,1,南はるつ,○,○,○,○,前期,2,
言語系科目,,ドイツ語,ドイツ語Ⅰ,2,南はるつ,○,○,○,○,前期,2,
言語系科目,,ドイツ語,ドイツ語Ⅰ,3,南はるつ,○,○,○,○,前期,2,
言語系科目,,ドイツ語,ドイツ語Ⅰ,4,南はるつ,○,○,○,○,前期,2,
言語系科目,,ドイツ語,ドイツ語Ⅱ,1,南はるつ,○,○,○,○,後期,2,
言語系科目,,ドイツ語,ドイツ語Ⅱ,2,南はるつ,○,○,○,○,後期,2,
言語系科目,,ドイツ語,ドイツ語Ⅱ,3,南はるつ,○,○,○,○,後期,2,
言語系科目,,ドイツ語,ドイツ語Ⅲ,,守博紀,,○,○,○,前期,2,
言語系科目,,ドイツ語,ドイツ語IV,,守博紀,,○,○,○,後期,2,
言語系科目,,ドイツ語,ドイツ語V,,守博紀,,○,○,○,前期,2,
言語系科目,,ドイツ語,ドイツ語文献講読I,,守博紀,,○,○,○,前期,2,
言語系科目,,ドイツ語,ドイツ語文献講読Ⅱ,,守博紀,,○,○,○,後期,2,
言語系科目,,フランス語,フランス語Ⅰ,1,田口宏明,○,○,○,○,前期,2,
言語系科目,,フランス語,フランス語Ⅰ,2,荒川久美子,○,○,○,○,前期,2,
言語系科目,,フランス語,フランス語Ⅰ,3,荒川久美子,○,○,○,○,前期,2,
言語系科目,,フランス語,フランス語Ⅰ,4,橋詰かすみ,○,○,○,○,前期,2,
言語系科目,,フランス語,フランス語Ⅱ,1,田口宏明,○,○,○,○,後期,2,
言語系科目,,フランス語,フランス語Ⅱ,2,荒川久美子,○,○,○,○,後期,2,
言語系科目,,フランス語,フランス語Ⅱ,3,橋詰かすみ,○,○,○,○,後期,2,
言語系科目,,フランス語,フランス語Ⅲ,,橋詰かすみ,,○,○,○,前期,2,
言語系科目,,フランス語,フランス語IV,,田口宏明,,○,○,○,後期,2,
言語系科目,,フランス語,フランス語V,,田口宏明,,○,○,○,前期,2,
言語系科目,,フランス語,フランス語文献講読I,,小屋竜平,,○,○,○,前期,2,
言語系科目,,フランス語,フランス語文献講読II,,小屋竜平,,○,○,○,後期,2,
言語系科目,,スペイン語,スペイン語Ⅰ,1,宮下和夫,○,○,○,○,前期,2,
言語系科目,,スペイン語,スペイン語Ⅰ,2,宮下和夫,○,○,○,○,前期,2,
言語系科目,,スペイン語,スペイン語Ⅰ,3,ファン カルロス 安達,○,○,○,○,前期,2,
言語系科目,,スペイン語,スペイン語Ⅰ,4,ファン カルロス 安達,○,○,○,○,前期,2,
言語系科目,,スペイン語,スペイン語Ⅰ,5,山本浩史,○,○,○,○,前期,2,
言語系科目,,スペイン語,スペイン語Ⅰ,6,宮下和夫,○,○,○,○,前期,2,
言語系科目,,スペイン語,スペイン語Ⅱ,1,宮下和夫,○,○,○,○,後期,2,
言語系科目,,スペイン語,スペイン語Ⅱ,2,ファン カルロス 安達,○,○,○,○,後期,2,
言語系科目,,スペイン語,スペイン語Ⅱ,3,ファン カルロス 安達,○,○,○,○,後期,2,
言語系科目,,スペイン語,スペイン語Ⅱ,4,山本浩史,○,○,○,○,後期,2,
言語系科目,,スペイン語,スペイン語Ⅲ,,山本浩史,,○,○,○,前期,2,
言語系科目,,スペイン語,スペイン語IV,,山本浩史,,○,○,○,後期,2,
言語系科目,,スペイン語,スペイン語V,,ファン カルロス 安達,,○,○,○,前期,2,
言語系科目,,スペイン語,スペイン語文献講読I,,上村淳史,,○,○,○,前期,2,
言語系科目,,スペイン語,スペイン語文献講読Ⅱ,,上村淳史,,○,○,○,後期,2,
言語系科目,,イタリア語,イタリア語Ⅰ,1,島津寬,○,○,○,○,前期,2,
言語系科目,,イタリア語,イタリア語Ⅰ,2,島津寬,○,○,○,○,前期,2,
言語系科目,,イタリア語,イタリア語Ⅰ,3,島津寬,○,○,○,○,前期,2,
言語系科目,,イタリア語,イタリア語Ⅱ,1,島津寬,○,○,○,○,後期,2,
言語系科目,,イタリア語,イタリア語Ⅱ,2,島津寬,○,○,○,○,後期,2,
言語系科目,,イタリア語,イタリア語Ⅲ,,島津寬,,○,○,○,前期,2,
言語系科目,,イタリア語,イタリア語IV,,島津寬,,○,○,○,後期,2,
数理系科目,,,基礎数学A,1,山崎薫里,○,○,○,○,前期,2,
数理系科目,,,基礎数学A,2,吉田慎一郎,○,○,○,○,前期,2,
数理系科目,,,基礎数学A,3,吉田慎一郎,○,○,○,○,前期,2,
数理系科目,,,基礎数学A,4,佐藤功,○,○,○,○,前期,2,
数理系科目,,,基礎数学A,5,佐藤功,○,○,○,○,後期,2,
数理系科目,,,基礎数学B,1,佐藤功,○,○,○,○,前期,2,
数理系科目,,,基礎数学B,2,佐藤功,○,○,○,○,前期,2,
数理系科目,,,基礎数学B,3,吉田慎一郎,○,○,○,○,前期,2,
数理系科目,,,基礎数学B,4,吉田慎一郎,○,○,○,○,後期,2,
数理系科目,,,微積分1,1,山崎薫里,○,○,○,○,前期,2,
数理系科目,,,微積分1,2,吉田慎一郎,○,○,○,○,後期,2,
数理系科目,,,微積分Ⅱ,,山崎薫里,○,○,○,○,後期,2,
数理系科目,,,線形代数概論,1,山崎薫里,○,○,○,○,前期,2,
数理系科目,,,線形代数概論,2,山崎薫里,○,○,○,○,後期,2,
数理系科目,,,確率・統計入門,1,板垣智洋,○,○,○,○,前期,2,
数理系科目,,,確率・統計入門,2,板垣智洋,○,○,○,○,後期,2,
数理系科目,,,データ分析入門,3,河合未夢,○,○,○,○,前期,2,
数理系科目,,,データ分析入門,4,河合未夢,○,○,○,○,前期,2,
数理系科目,,,データ分析入門,5,齋藤翔太,○,○,○,○,後期,2,
数理系科目,,,データ分析入門,6,瓶哲,○,○,○,○,後期,2,
数理系科目,,,多変量データの分析A,,宮田庸,○,○,○,○,前期,2,
数理系科目,,,多変量データの分析B,1,瓶哲,○,○,○,○,後期,2,
数理系科目,,,論理学,,谷川卓,○,○,○,○,後期,2,
数理系科目,,,社会調査法,,石井国雄,○,○,○,○,後期,2,
一般教養科目,,,論理的思考,,高松正毅,○,○,○,○,後期,2,
一般教養科目,,,哲学,,谷川,○,○,○,○,前期,2,
一般教養科目,,,倫理学,,小草泰,○,○,○,○,後期,2,
一般教養科目,,,現代思想,,小屋竜平,○,○,○,○,後期,2,
一般教養科目,,,科学哲学,,高萩智也,○,○,○,○,後期,2,
一般教養科目,,,教育原理,,蔡珂,○,○,○,○,前期,2,教職
一般教養科目,,,教育心理学,,木下まゆみ,○,○,○,○,後期,2,教職
一般教養科目,,,心理学,,木下まゆみ,○,○,○,○,前期,2,
一般教養科目,,,社会学,,関根里奈子,○,○,○,○,前期,2,
一般教養科目,,,ジェンダー論,,横山陸,○,○,○,○,後期,2,
一般教養科目,,,法学,,金澤誠,○,○,○,○,前期,2,教職
一般教養科目,,,日本国憲法,,金澤誠,○,○,○,○,後期,2,教職
一般教養科目,,,国際法,,梁瑞希,○,○,○,○,後期,2,教職
一般教養科目,,,政治学,,南波慧,○,○,○,○,前期,2,教職
一般教養科目,,,日本政治,,堀真悟,○,○,○,○,後期,2,
一般教養科目,,,国際関係論,,土谷岳史,○,○,○,○,前期,2,教職
一般教養科目,,,西洋史,,宮川剛,○,○,○,○,後期,2,
一般教養科目,,,東洋史,,上出徳太郎,○,○,○,○,前期,2,
一般教養科目,,,中国文化論,,笠見弥生,○,○,○,○,後期,2,
一般教養科目,,,イスラーム文化論,,山下真吾,○,○,○,○,前期,2,
一般教養科目,,,宗教学,,小高絢子,○,○,○,○,後期,2,
一般教養科目,,,人類学,,黒崎龍悟,○,○,○,○,前期,2,
一般教養科目,,,人文地理学,,加藤秋人,○,○,○,○,前期,2,教職
一般教養科目,,,自然地理学,,戸田真夏*,○,○,○,○,後期,2,教職
一般教養科目,,,世界地誌,,加藤秋人,○,○,○,○,前期,2,教職
一般教養科目,,,日本地誌,,加藤秋人,○,○,○,○,後期,2,教職
一般教養科目,,,日本史(古代~近世),,鈴木敏弘,○,○,○,○,前期,2,
一般教養科目,,,日本史(近現代),,森脇孝広,○,○,○,○,後期,2,
一般教養科目,,,宇宙と地球,,鵜澤由香,○,○,○,○,後期,2,
一般教養科目,,,生態系と環境,,仁木拓志,○,○,○,○,後期,2,
一般教養科目,,,生命科学,,仁木拓志,○,○,○,○,前期,2,
一般教養科目,,,医療と健康,,中村彰男,○,○,○,○,後期,2,
一般教養科目,,,技術とものづくり,,樫本弘,○,○,○,○,後期,2,
一般教養科目,,,美学,,小屋竜平,○,○,○,○,前期,2,
一般教養科目,,,物理学,,樫本弘,○,○,○,○,前期,2,
一般教養科目,,,ファイナンシャル・リテラシー,,木下康彦,○,○,○,○,前期,2,
一般教養科目,,,キャリア・デザイン,,小林仁*,○,○,○,○,後期,2,
一般教養科目,,,学問研究入門,1,伊藤宣広,○,,,,前期,2,新1年次生のみが履修できる
一般教養科目,,,学問研究入門,2,名和賢美,○,,,,前期,2,新1年次生のみが履修できる
総合科目,,,コンピュータ・リテラシーI,A,本藤理弘*,○,○,○,○,前期,2,教職
総合科目,,,コンピュータ・リテラシーI,B,本藤理弘*,○,○,○,○,前期,2,教職
総合科目,,,コンピュータ・リテラシーI,C,茂木和弘,○,○,○,○,前期,2,教職
総合科目,,,コンピュータ・リテラシーI,D,茂木和弘,○,○,○,○,前期,2,教職
総合科目,,,コンピュータ・リテラシーⅡ,A,本藤理弘*,○,○,○,○,後期,2,教職
総合科目,,,コンピュータ・リテラシーⅡ,B,本藤理弘*,○,○,○,○,後期,2,教職
総合科目,,,コンピュータ・リテラシーⅡ,C,茂木和弘,○,○,○,○,後期,2,教職
総合科目,,,コンピュータ・リテラシーⅡ,D,茂木和弘,○,○,○,○,後期,2,教職
総合科目,,,Readings on Economics/Management I,1,中路敬,○,○,○,○,前期,2,
総合科目,,,Readings on Economics/Management I,2,田鶴禎人,○,○,○,○,前期,2,
総合科目,,,Readings on Economics/Management I,3,金艷華,○,○,○,○,前期,2,
総合科目,,,Readings on Economics/Management II,1,中路敬,○,○,○,○,後期,2,
総合科目,,,Readings on Economics/Management II,2,田鶴禎人,○,○,○,○,後期,2,
総合科目,,,Readings on Economics/Management II,3,金艷華,○,○,○,○,後期,2,
総合科目,,,データサイエンス入門,1,津曲達也,○,○,○,○,前期,2,教職
総合科目,,,データサイエンス入門,2,津曲達也,○,○,○,○,前期,2,教職
総合科目,,,データサイエンス基礎: AI概論,,津曲達也,○,○,○,○,後期,2,
総合科目,,,データサイエンス基礎:プログラミング・数学,,津曲達也,○,○,○,○,前期,2,
総合科目,,,Language Learner Development I,,高橋栄作,○,○,○,○,前期,2,
総合科目,,,Language Learner Development II,,高橋栄作,○,○,○,○,後期,2,
総合科目,,,スポーツ科学,A,田中宏和,○,○,○,○,前期,2,教職
総合科目,,,スポーツ科学,B,大家千枝子,○,○,○,○,前期,2,教職
総合科目,,,スポーツ科学,C,山西加織,○,○,○,○,前期,2,教職
総合科目,,,スポーツ科学,D,高橋伸次,○,○,○,○,後期,2,教職
総合科目,,,スポーツ科学,E,大家千枝子,○,○,○,○,後期,2,教職
総合科目,,,スポーツ科学,F,山西加織,○,○,○,○,後期,2,教職
総合科目,,,特別講義「世界と日本の未来を考える」 2.0,,水剛,○,○,○,○,前期,2,
総合科目,,,海外語学研修(英語),,,,,,,(認定),2,
総合科目,,,海外語学研修(中国語),,,,,,,(認定),2,
専門教育科目,,共通,市場と経済,1,天羽正継,○,,,,前期,2,新入生はクラス指定
専門教育科目,,共通,市場と経済,2,山本弘芳,○,,,,前期,2,新入生はクラス指定
専門教育科目,,共通,市場と経済,3,藤井孝宗,○,,,,後期,2,新入生はクラス指定
専門教育科目,,共通,市場と経済,4,野崎謙二,○,,,,後期,2,新入生はクラス指定
専門教育科目,,共通,市場と経済,0,藤井孝宗,○,,,,前期,2,再履修クラス ※単位修得不可者対象
専門教育科目,,共通,市場と経済,99,藤井孝宗,○,,,,後期,2,再履修クラス ※単位修得不可者対象
専門教育科目,,共通,企業と会計,1,越智信仁,○,,,,後期,2,新入生はクラス指定
専門教育科目,,共通,企業と会計,2,梅田宙,○,,,,後期,2,新入生はクラス指定
専門教育科目,,共通,企業と会計,3,越智信仁,○,,,,前期,2,新入生はクラス指定
専門教育科目,,共通,企業と会計,4,高橋克幸,○,,,,前期,2,新入生はクラス指定
専門教育科目,,共通,企業と会計,0,梅田宙,○,,,,前期,2,再履修クラス ※単位修得不可者対象
専門教育科目,,共通,企業と会計,99,梅田宙,○,,,,後期,2,再履修クラス ※単位修得不可者対象
専門教育科目(経営学科),6,共通,基礎演習,,,,○,,,後期,2,
専門教育科目(経営学科),6,共通,演習Ⅰ,,,,,○,,前期,4,「基礎演習」からの段階履修
専門教育科目(経営学科),6,共通,演習Ⅰ,,,,,○,,後期,4,「基礎演習」からの段階履修
専門教育科目(経営学科),6,共通,演習II,,,,,,○,前期,4,「演習Ⅰ」からの段階履修
専門教育科目(経営学科),6,共通,演習II,,,,,,○,後期,4,「演習Ⅰ」からの段階履修
専門教育科目(経済学科),1,基礎科目,統計学,1,宮田庸,,○,○,○,前期,2,同時限開講、クラス1は2年次以上が履修できる
専門教育科目(経済学科),1,基礎科目,統計学,2,板垣智洋,○,,,,前期,2,同時限開講、クラス2は1年次のみが履修できる
専門教育科目(経済学科),1,基礎科目,統計学Ⅱ,,宮田庸,○,○,○,○,後期,2,
専門教育科目(経済学科),1,基礎科目,経済数学入門,1,塩澤康平,○,○,○,○,前期,2,
専門教育科目(経済学科),1,基礎科目,経済数学入門,2,塩澤康平,○,○,○,○,後期,2,
専門教育科目(経済学科),1,基礎科目,現代経済入門I,,高橋済*,○,○,○,○,前期,2,教職
専門教育科目(経済学科),1,基礎科目,現代経済入門II,,高橋済*,○,○,○,○,後期,2,教職
専門教育科目(経済学科),1,基礎科目,初級マクロ経済学Ⅰ,,中野正裕,○,○,○,○,前期,2,教職
専門教育科目(経済学科),1,基礎科目,初級マクロ経済学Ⅱ,,中野正裕,○,○,○,○,後期,2,教職
専門教育科目(経済学科),1,基礎科目,初級ミクロ経済学Ⅰ,,西川静華,○,○,○,○,前期,2,教職
専門教育科目(経済学科),1,基礎科目,初級ミクロ経済学Ⅱ,,西川静華,○,○,○,○,後期,2,教職
専門教育科目(経済学科),1,基礎科目,ゲーム理論Ⅰ,,西川静華,,○,○,○,前期,2,
専門教育科目(経済学科),1,基礎科目,ゲーム理論Ⅱ,,服部昌彦,,○,○,○,後期,2,
専門教育科目(経済学科),1,基礎科目,経済学方法論Ⅰ,,伊藤宣広,,○,○,○,前期,2,
専門教育科目(経済学科),1,基礎科目,経済学方法論Ⅱ,,伊藤宣広,,○,○,○,後期,2,
専門教育科目(経済学科),1,基礎科目,情報の経済学,,塩澤康平,,○,○,○,後期,2,
専門教育科目(経済学科),1,基礎科目,経済数学特講,,板垣智洋,,○,○,○,前期,2,
専門教育科目(経済学科),2,経済理論,中級マクロ経済学I,,中野正裕,,,○,○,前期,2,
専門教育科目(経済学科),2,経済理論,中級マクロ経済学II,,高橋済,,,○,○,後期,2,
専門教育科目(経済学科),2,経済理論,中級ミクロ経済学Ⅰ,,村山透,,,○,○,前期,2,
専門教育科目(経済学科),2,経済理論,中級ミクロ経済学Ⅱ,,村山透,,,○,○,後期,2,
専門教育科目(経済学科),2,経済理論,経済成長論,,岡田知之,,,○,○,前期,2,
専門教育科目(経済学科),2,経済理論,計量経済学Ⅰ,,石原庸博,,,○,○,前期,2,
専門教育科目(経済学科),2,経済理論,計量経済学Ⅱ,,石原庸博,,,○,○,後期,2,
専門教育科目(経済学科),2,経済理論,経済数学I,,高英模,,,○,○,前期,2,
専門教育科目(経済学科),2,経済理論,経済数学II,,高英模,,,○,○,後期,2,
専門教育科目(経済学科),2,経済理論,厚生経済学,,大石隆介,,,○,○,前期,2,
専門教育科目(経済学科),2,経済理論,産業組織論Ⅰ,,服部昌彦,,,○,○,前期,2,
専門教育科目(経済学科),2,経済理論,産業組織論Ⅱ,,服部昌彦,,,○,○,後期,2,
専門教育科目(経済学科),2,経済理論,数理統計学,,高英模,,,○,○,前期,2,
専門教育科目(経済学科),3,応用経済分析,経済統計,,石原庸博,,○,○,○,後期,2,
専門教育科目(経済学科),3,応用経済分析,金融論I,,森祐司,,○,○,○,前期,2,
専門教育科目(経済学科),3,応用経済分析,金融論II,,森祐司,,○,○,○,後期,2,
専門教育科目(経済学科),3,応用経済分析,財政学I,,天羽正継,,○,○,○,前期,2,教職
専門教育科目(経済学科),3,応用経済分析,財政学Ⅱ,,天羽正継,,○,○,○,後期,2,教職
専門教育科目(経済学科),3,応用経済分析,応用計量経済学,,小林徹*,,,○,○,後期,2,
専門教育科目(経済学科),3,応用経済分析,国際経済学Ⅰ,,藤井孝宗,,,○,○,前期,2,教職
専門教育科目(経済学科),3,応用経済分析,国際経済学Ⅱ,,藤井孝宗,,,○,○,後期,2,教職
専門教育科目(経済学科),3,応用経済分析,環境経済学I,,山本芳弘,,,○,○,前期,2,
専門教育科目(経済学科),3,応用経済分析,環境経済学Ⅱ,,山本芳弘,,,○,○,後期,2,
専門教育科目(経済学科),3,応用経済分析,国際金融論,,齋藤弘,,,○,○,前期,2,「国際金融論」の単位修得者は履修できない
専門教育科目(経済学科),3,応用経済分析,公共経済学Ⅰ,,岡田知之,,,○,○,前期,2,
専門教育科目(経済学科),3,応用経済分析,公共経済学Ⅱ,,岡田知之,,,○,○,後期,2,
専門教育科目(経済学科),3,応用経済分析,経済政策論Ⅰ,,溝口哲郎,,,○,○,前期,2,
専門教育科目(経済学科),3,応用経済分析,経済政策論Ⅱ,,溝口哲郎,,,○,○,後期,2,
専門教育科目(経済学科),3,応用経済分析,労働経済学Ⅰ,,小林徹*,,,○,○,前期,2,
専門教育科目(経済学科),3,応用経済分析,労働経済学II,,小林徹*,,,○,○,後期,2,
専門教育科目(経済学科),3,応用経済分析,都市経済学,,村山透,,,○,○,前期,2,
専門教育科目(経済学科),4,経済史・思想史,経済史概論I,,唐澤達之,○,○,○,○,前期,2,教職
専門教育科目(経済学科),4,経済史・思想史,経済史概論II,,唐澤達之,○,○,○,○,後期,2,教職
専門教育科目(経済学科),4,経済史・思想史,日本近世経済史,,富澤一弘,○,○,○,○,前期,2,教職
専門教育科目(経済学科),4,経済史・思想史,日本近代経済史,,富澤一弘,○,○,○,○,後期,2,教職
専門教育科目(経済学科),4,経済史・思想史,西洋経済史,,唐澤達之,○,○,○,○,前期,2,教職
専門教育科目(経済学科),4,経済史・思想史,アジア経済史,,高橋文紀,○,○,○,○,前期,2,教職
専門教育科目(経済学科),4,経済史・思想史,日本史特講,,鈴木敏弘,○,○,○,○,後期,2,教職
専門教育科目(経済学科),4,経済史・思想史,世界史特講,,竹内洋介,○,○,○,○,前期,2,教職
専門教育科目(経済学科),4,経済史・思想史,社会経済学Ⅰ,,徐成优,,○,○,○,前期,2,
専門教育科目(経済学科),4,経済史・思想史,社会経済学Ⅱ,,徐成优,,○,○,○,後期,2,
専門教育科目(経済学科),4,経済史・思想史,日本経済思想史,,青柳淳子,,○,○,○,後期,2,
専門教育科目(経済学科),4,経済史・思想史,社会思想,,谷川卓,,○,○,○,後期,2,教職
専門教育科目(経済学科),4,経済史・思想史,日本中世農業史,,富澤一弘,,○,○,○,前期,2,
専門教育科目(経済学科),4,経済史・思想史,日本近世農業史,,富澤一弘,,○,○,○,前期,2,
専門教育科目(経済学科),4,経済史・思想史,現代資本主義論I,,青柳淳子,,○,○,○,前期,2,
専門教育科目(経済学科),4,経済史・思想史,現代資本主義論II,,青柳淳子,,○,○,○,後期,2,
専門教育科目(経済学科),4,経済史・思想史,現代経済思想I,,中路敬,,,○,○,前期,2,
専門教育科目(経済学科),4,経済史・思想史,現代経済思想Ⅱ,,中路敬,,,○,○,後期,2,
専門教育科目(経済学科),4,経済史・思想史,経済学史I,,中路敬,,,○,○,前期,2,教職
専門教育科目(経済学科),4,経済史・思想史,経済学史Ⅱ,,中路敬,,,○,○,後期,2,教職
専門教育科目(経済学科),5,経済事情と制度,世界経済論I,,矢野修一,○,○,○,○,前期,2,
専門教育科目(経済学科),5,経済事情と制度,世界経済論II,,矢野修一,○,○,○,○,後期,2,
専門教育科目(経済学科),5,経済事情と制度,行政法I,,藤井正希*,○,○,○,○,前期,2,
専門教育科目(経済学科),5,経済事情と制度,行政法II,,藤井正希*,○,○,○,○,後期,2,
専門教育科目(経済学科),5,経済事情と制度,日本経済論Ⅰ,,江崎康弘*,○,○,○,○,前期,2,
専門教育科目(経済学科),5,経済事情と制度,日本経済論Ⅱ,,江崎康弘*,○,○,○,○,後期,2,
専門教育科目(経済学科),5,経済事情と制度,社会政策論,,鶴田禎人,○,○,○,○,前期,2,教職
専門教育科目(経済学科),5,経済事情と制度,社会学特講,,名和賢美,○,○,○,○,後期,2,教職
専門教育科目(経済学科),5,経済事情と制度,経済地理学Ⅰ,,根岸海馬,,○,○,○,前期,2,教職
専門教育科目(経済学科),5,経済事情と制度,経済地理学II,,根岸海馬,,○,○,○,前期,2,教職
専門教育科目(経済学科),5,経済事情と制度,経済システム論,,徐成优,,○,○,○,後期,2,
専門教育科目(経済学科),5,経済事情と制度,中国経済論Ⅰ,,高橋文紀,,○,○,○,前期,2,
専門教育科目(経済学科),5,経済事情と制度,中国経済論Ⅱ,,高橋文紀,,○,○,○,後期,2,
専門教育科目(経済学科),5,経済事情と制度,アジア経済論,,矢野修一,,○,○,○,後期,2,
専門教育科目(経済学科),5,経済事情と制度,開発経済論,,矢野修一,,○,○,○,前期,2,
専門教育科目(経済学科),5,経済事情と制度,農業経済論Ⅰ,,古家淳,,○,○,○,前期,2,
専門教育科目(経済学科),5,経済事情と制度,農業経済論Ⅱ,,古家淳,,○,○,○,後期,2,
専門教育科目(経済学科),5,経済事情と制度,中小企業論,,森祐司,,○,○,○,前期,2,
専門教育科目(経済学科),5,経済事情と制度,地域経済論,,村山透,,○,○,○,後期,2,
専門教育科目(経済学科),5,経済事情と制度,社会保障原理,,鶴田禎人,,○,○,○,前期,2,教職
専門教育科目(経済学科),5,経済事情と制度,社会保障制度論,,鶴田禎人,,○,○,○,後期,2,教職
専門教育科目(経済学科),5,経済事情と制度,経済法I,,王威,,,○,○,前期,2,
専門教育科目(経済学科),5,経済事情と制度,経済法Ⅱ,,王威,,,○,○,後期,2,
専門教育科目(経済学科),5,経済事情と制度,地方財政論I,,清水浩和*,,,○,○,前期,2,
専門教育科目(経済学科),5,経済事情と制度,地方財政論II,,清水浩和*,,,○,○,後期,2,
専門教育科目(経済学科),5,経済事情と制度,近代経済学I,,中路敬,,,○,○,前期,2,
専門教育科目(経済学科),5,経済事情と制度,近代経済学Ⅱ,,中路敬,,,○,○,後期,2,
専門教育科目(経済学科),5,経済事情と制度,地域の金融と経済,,東和銀行*,,○,○,○,前期,2,東和銀行寄附講座
専門教育科目(経済学科),5,経済事情と制度,特別講義(経済学),,経済学科長*,,○,○,○,前期,2,
専門教育科目(経営学科),1,基礎科目,経営学総論,,井上真由美,○,○,○,○,前期,2,教職
専門教育科目(経営学科),1,基礎科目,経営学史,,永田瞬,○,○,○,○,前期,2,
専門教育科目(経営学科),1,基礎科目,産業史,,三嶋恒平,○,○,○,○,後期,2,
専門教育科目(経営学科),1,基礎科目,日本産業史,,三嶋恒平,○,○,○,○,後期,2,
専門教育科目(経営学科),1,基礎科目,特別講義(経営学),,経営学科長*,,○,○,○,後期,2,
専門教育科目(経営学科),1,基礎科目,戦後日本経営史,,加藤健太,○,○,○,○,前期,2,
専門教育科目(経営学科),1,基礎科目,戦前期日本経営史,,加藤健太,○,○,○,○,前期,2,
専門教育科目(経営学科),1,基礎科目,外国経営史,,加藤健太,○,○,○,○,後期,2,
専門教育科目(経営学科),1,基礎科目,企業論,,井上真由美,○,○,○,○,前期,2,
専門教育科目(経営学科),1,基礎科目,マーケティング入門,,三富悠紀*,○,○,○,○,前期,2,教職
専門教育科目(経営学科),1,基礎科目,経営管理論,,藤本哲,○,○,○,○,前期,2,
専門教育科目(経営学科),1,基礎科目,経営統計,,石田崇,○,○,○,○,前期,2,教職
専門教育科目(経営学科),1,基礎科目,簿記論A,,中村彰良,○,○,○,○,前期,4,教職
専門教育科目(経営学科),1,基礎科目,簿記論B,,張滿月,○,○,○,○,後期,4,教職
専門教育科目(経営学科),1,基礎科目,会計学入門,,高橋克幸,○,○,○,○,前期,2,教職
専門教育科目(経営学科),2,戦略とマーケティング,経営戦略論,,関根雅則,,,○,○,前期,2,
専門教育科目(経営学科),2,戦略とマーケティング,イノベーション論,,関根雅則,○,○,○,○,前期,2,
専門教育科目(経営学科),2,戦略とマーケティング,国際ビジネス概論,,清水さゆり,,○,○,○,後期,2,教職
専門教育科目(経営学科),2,戦略とマーケティング,多国籍企業論,,清水さゆり,,,○,○,前期,2,
専門教育科目(経営学科),2,戦略とマーケティング,国際経営論,,清水さゆり,,○,○,○,前期,2,
専門教育科目(経営学科),2,戦略とマーケティング,流通システム論,,金艷華,,○,○,○,前期,2,教職
専門教育科目(経営学科),2,戦略とマーケティング,マーケティングⅡ,,三富悠紀*,,○,○,○,後期,2,教職
専門教育科目(経営学科),2,戦略とマーケティング,小売マーケティング,,三富悠紀*,,○,○,○,前期,2,教職
専門教育科目(経営学科),2,戦略とマーケティング,消費者行動論,,佐藤敏久,○,○,○,○,前期,2,
専門教育科目(経営学科),2,戦略とマーケティング,マーケティング・コミュニケーション,,佐藤敏久,,,○,○,前期,2,教職
専門教育科目(経営学科),2,戦略とマーケティング,マーケティング・リサーチ,,佐藤敏久,,,○,○,後期,2,
専門教育科目(経営学科),2,戦略とマーケティング,サプライチェーン・マネジメント,,金艷華,,,○,○,後期,2,教職
専門教育科目(経営学科),2,戦略とマーケティング,ロジスティクス論,,金艷華,,○,○,○,後期,2,教職
専門教育科目(経営学科),2,戦略とマーケティング,貿易論,,里見泰啓,,○,○,○,後期,2,教職
専門教育科目(経営学科),3,組織とマネジメント,コーポレート・ガバナンス,,井上真由美,,,○,○,後期,2,
専門教育科目(経営学科),3,組織とマネジメント,経営組織論,,藤本哲,,○,○,○,後期,2,
専門教育科目(経営学科),3,組織とマネジメント,組織行動論,,藤本哲,,,○,○,前期,2,
専門教育科目(経営学科),3,組織とマネジメント,産業社会学,,向由子,○,○,○,○,前期,2,
専門教育科目(経営学科),3,組織とマネジメント,産業・組織心理学,,吉村健志*,○,○,○,○,前期,2,
専門教育科目(経営学科),3,組織とマネジメント,生産管理,,向井悠一朗,,○,○,○,前期,2,
専門教育科目(経営学科),3,組織とマネジメント,人的資源管理,,永田瞬,,○,○,○,後期,2,
専門教育科目(経営学科),3,組織とマネジメント,経営労務論,,永田瞬,,○,○,○,前期,2,
専門教育科目(経営学科),3,組織とマネジメント,経営科学,,神宮貴子,,○,○,○,後期,2,
専門教育科目(経営学科),3,組織とマネジメント,経営情報論,,関川弘*,○,○,○,○,前期,2,教職
専門教育科目(経営学科),3,組織とマネジメント,経営情報システム論,,関川弘*,○,○,○,○,後期,2,
専門教育科目(経営学科),3,組織とマネジメント,経営工学,,向井悠一朗,○,○,○,○,後期,2,
専門教育科目(経営学科),3,組織とマネジメント,技術経営,,向井悠一朗,,,○,○,前期,2,
専門教育科目(経営学科),3,組織とマネジメント,情報処理I,,石田崇,,○,○,○,前期,2,教職
専門教育科目(経営学科),3,組織とマネジメント,情報処理II,,石田崇,,○,○,○,後期,2,教職
専門教育科目(経営学科),4,会計と企業財務,会計学,,田中久夫,○,○,○,○,前期,2,教職
専門教育科目(経営学科),4,会計と企業財務,税務会計,,田中久夫,,,○,○,後期,2,
専門教育科目(経営学科),4,会計と企業財務,会計監査論,,長谷川記央*,,,○,○,後期,2,
専門教育科目(経営学科),4,会計と企業財務,環境会計,,越智信仁,,,○,○,後期,2,
専門教育科目(経営学科),4,会計と企業財務,経営分析,,梅田宙,,○,○,○,前期,2,
専門教育科目(経営学科),4,会計と企業財務,管理会計論,,中村彰良,,○,○,○,後期,2,
専門教育科目(経営学科),4,会計と企業財務,原価計算論,,梅田宙,,○,○,○,後期,2,
専門教育科目(経営学科),4,会計と企業財務,中級簿記,,藻利衣恵,,○,○,○,前期,2,教職
専門教育科目(経営学科),4,会計と企業財務,上級簿記,,高橋克幸,,○,○,○,後期,2,教職
専門教育科目(経営学科),4,会計と企業財務,財務会計I,,藻利衣恵,,○,○,○,前期,2,教職
専門教育科目(経営学科),4,会計と企業財務,財務会計II,,藻利衣恵,,○,○,○,後期,2,教職
専門教育科目(経営学科),4,会計と企業財務,企業財務論Ⅰ,,阿部圭司,,○,○,○,前期,2,
専門教育科目(経営学科),4,会計と企業財務,企業財務論Ⅱ,,阿部圭司,,○,○,○,後期,2,
専門教育科目(経営学科),4,会計と企業財務,証券論,,袖山則宏*,○,○,○,○,後期,2,
専門教育科目(経営学科),5,経営と法,民法総則,,谷口聡,○,○,○,○,前期,2,教職
専門教育科目(経営学科),5,経営と法,物権法,,前田泰,○,○,○,○,後期,2,教職
専門教育科目(経営学科),5,経営と法,債権法総論,,谷口聡,○,○,○,○,前期,2,教職
専門教育科目(経営学科),5,経営と法,債権法各論,,谷口聡,○,○,○,○,後期,2,教職
専門教育科目(経営学科),5,経営と法,労働法,,花村俊広*,○,○,○,○,後期,2,
専門教育科目(経営学科),5,経営と法,労使関係法,,花村俊広*,○,○,○,○,後期,2,
専門教育科目(経営学科),5,経営と法,会社法I,,沈律,○,○,○,○,前期,2,教職
専門教育科目(経営学科),5,経営と法,会社法Ⅱ,,沈律,○,○,○,○,後期,2,教職
専門教育科目(経営学科),5,経営と法,商法総則・商行為,,沈律,○,○,○,○,後期,2,教職
専門教育科目(経営学科),5,経営と法,金融商品取引法,,廖海涛,,○,○,○,後期,2,教職
専門教育科目(経営学科),5,経営と法,租税法,,鈴木修,,,○,○,前期,2,
専門教育科目(経営学科),5,経営と法,知的財産法I,,澤田悠紀,○,○,○,○,前期,2,
専門教育科目(経営学科),5,経営と法,知的財産法II,,澤田悠紀,○,○,○,○,後期,2,
専門教育科目(経営学科),5,経営と法,法と経済学,,澤田悠紀,,○,○,○,後期,2,